datum;aum;kunde_id
31.01.2025;1537751.02415613;CH3919929
28.02.2025;1565095.78369206;CH3919929
31.03.2025;1578582.74459501;CH3919929
30.04.2025;1585936.96471868;CH3919929
31.05.2025;1598964.2784472;CH3919929
31.01.2025;101509.80586206;CH5556163
28.02.2025;103373.56415735;CH5556163
31.03.2025;103771.23077908;CH5556163
30.04.2025;104276.11666936;CH5556163
31.05.2025;105289.66104841;CH5556163
31.01.2025;60473.85686775;CH8722897
28.02.2025;61544.34299793;CH8722897
31.03.2025;61891.95500889;CH8722897
30.04.2025;62211.33412748;CH8722897
31.05.2025;62797.98682589;CH8722897
31.01.2025;60815.8507137;CH4757740
28.02.2025;61879.04591771;CH4757740
31.03.2025;62167.31938604;CH4757740
30.04.2025;62478.41258524;CH4757740
31.05.2025;63089.95765466;CH4757740
31.01.2025;102648.48715128;CH3500894
28.02.2025;104524.84128594;CH3500894
31.03.2025;105037.74953292;CH3500894
30.04.2025;105574.78513768;CH3500894
31.05.2025;106614.48684689;CH3500894
31.01.2025;60286.88471004;CH4018926
28.02.2025;61356.14845182;CH4018926
31.03.2025;61709.20413363;CH4018926
30.04.2025;62032.71023152;CH4018926
31.05.2025;62611.43295715;CH4018926
31.01.2025;101549.13277314;CH7144895
28.02.2025;102550.99676287;CH7144895
31.03.2025;101920.87029802;CH7144895
30.04.2025;99653.80398772;CH7144895
31.05.2025;101300.4850152;CH7144895
31.01.2025;101575.19902233;CH5283606
28.02.2025;103440.01080913;CH5283606
31.03.2025;103835.96685098;CH5283606
30.04.2025;104340.97979776;CH5283606
31.05.2025;105355.59616132;CH5283606
31.01.2025;60963.60179163;CH4293539
28.02.2025;61508.41581918;CH4293539
31.03.2025;61161.80136552;CH4293539
30.04.2025;59784.65431832;CH4293539
31.05.2025;60758.09852835;CH4293539
31.01.2025;110145.88335405;CH5850321
28.02.2025;112146.10831072;CH5850321
31.03.2025;112388.17901282;CH5850321
30.04.2025;113028.24023948;CH5850321
31.05.2025;114174.19002137;CH5850321
31.01.2025;60101.84926512;CH6047218
28.02.2025;61170.08292371;CH6047218
31.03.2025;61512.43585285;CH6047218
30.04.2025;61832.96587848;CH6047218
31.05.2025;62410.66219769;CH6047218
31.01.2025;81028.84586208;CH5304648
28.02.2025;82549.60716408;CH5304648
31.03.2025;82766.99846503;CH5304648
30.04.2025;83218.95705604;CH5304648
31.05.2025;84066.01641792;CH5304648
31.01.2025;75332.06339751;CH7073572
28.02.2025;76665.11850807;CH7073572
31.03.2025;77023.25114044;CH7073572
30.04.2025;77451.2083902;CH7073572
31.05.2025;78173.54343408;CH7073572
31.01.2025;60779.87865483;CH6546121
28.02.2025;61855.2115612;CH6546121
31.03.2025;62188.48189123;CH6546121
30.04.2025;62526.52206816;CH6546121
31.05.2025;63129.32174139;CH6546121
31.01.2025;60806.27298105;CH2297373
28.02.2025;61896.4080595;CH2297373
31.03.2025;62233.04171252;CH2297373
30.04.2025;62570.818579;CH2297373
31.05.2025;63161.83431452;CH2297373
31.01.2025;60730.69884972;CH9964377
28.02.2025;61803.60416488;CH9964377
31.03.2025;62138.15143144;CH9964377
30.04.2025;62476.16527488;CH9964377
31.05.2025;63075.70864747;CH9964377
31.01.2025;0.0;CH9121341
28.02.2025;259111.82698239;CH9121341
31.03.2025;260115.82164413;CH9121341
30.04.2025;261478.36270732;CH9121341
31.05.2025;264126.66289724;CH9121341
31.01.2025;60708.99285009;CH5961393
28.02.2025;61771.56244398;CH5961393
31.03.2025;62103.64301321;CH5961393
30.04.2025;62413.7731228;CH5961393
31.05.2025;63024.98603585;CH5961393
31.01.2025;81052.75315275;CH5644497
28.02.2025;82573.05829735;CH5644497
31.03.2025;82776.65116943;CH5644497
30.04.2025;83222.71677432;CH5644497
31.05.2025;84076.06887303;CH5644497
31.01.2025;101208.66289791;CH2414303
28.02.2025;103059.89593541;CH2414303
31.03.2025;103539.06225412;CH2414303
30.04.2025;104057.69088328;CH2414303
31.05.2025;105074.8125696;CH2414303
31.01.2025;60779.87865483;CH7199019
28.02.2025;61855.2115612;CH7199019
31.03.2025;62188.48189123;CH7199019
30.04.2025;62526.52206816;CH7199019
31.05.2025;63129.32174139;CH7199019
31.01.2025;60760.65969075;CH4500142
28.02.2025;61837.14684347;CH4500142
31.03.2025;62172.28213515;CH4500142
30.04.2025;62515.26421484;CH4500142
31.05.2025;63112.46059464;CH4500142
31.01.2025;100991.61348474;CH5699941
28.02.2025;102850.99668925;CH5699941
31.03.2025;103339.08339992;CH5699941
30.04.2025;103839.13728808;CH5699941
31.05.2025;104848.95884707;CH5699941
31.01.2025;61259.74951842;CH3364702
28.02.2025;62341.20250006;CH3364702
31.03.2025;62608.77323129;CH3364702
30.04.2025;62953.73470252;CH3364702
31.05.2025;63556.73842964;CH3364702
31.01.2025;60278.73569994;CH4683284
28.02.2025;61347.95173252;CH4683284
31.03.2025;61695.39656951;CH4683284
30.04.2025;62018.69383136;CH4683284
31.05.2025;62597.34453231;CH4683284
31.01.2025;116751.6085218;CH8421525
28.02.2025;147736.75318546;CH8421525
31.03.2025;146694.83473672;CH8421525
30.04.2025;143460.10294796;CH8421525
31.05.2025;145845.36516482;CH8421525
31.01.2025;61251.00785304;CH4818985
28.02.2025;62345.02408737;CH4818985
31.03.2025;62635.27620011;CH4818985
30.04.2025;62957.30270712;CH4818985
31.05.2025;63557.94815001;CH4818985
31.01.2025;101250.21226629;CH8384627
28.02.2025;103111.78010407;CH8384627
31.03.2025;103609.95717111;CH8384627
30.04.2025;104113.2558982;CH8384627
31.05.2025;105125.2354275;CH8384627
31.01.2025;60980.9475417;CH5767054
28.02.2025;62045.10932171;CH5767054
31.03.2025;62333.01015548;CH5767054
30.04.2025;62646.60938716;CH5767054
31.05.2025;63259.01875274;CH5767054
31.01.2025;59326.910154;CH1731690
28.02.2025;59432.83617098;CH1731690
31.03.2025;59824.58704402;CH1731690
30.04.2025;60117.55447288;CH1731690
31.05.2025;60654.25527535;CH1731690
31.01.2025;59326.910154;CH6640728
28.02.2025;59168.74213317;CH6640728
31.03.2025;56950.96645207;CH6640728
30.04.2025;57700.58815684;CH6640728
31.05.2025;60213.82071126;CH6640728
31.01.2025;101279.50637013;CH2547163
28.02.2025;103142.16119093;CH2547163
31.03.2025;103609.95717111;CH2547163
30.04.2025;104128.1669622;CH2547163
31.05.2025;105151.75292623;CH2547163
31.01.2025;61130.92107693;CH5766279
28.02.2025;62208.3091965;CH5766279
31.03.2025;62473.96062386;CH5766279
30.04.2025;62816.318597;CH5766279
31.05.2025;63420.6074188;CH5766279
31.01.2025;68651.705997;CH5341170
28.02.2025;68390.71134125;CH5341170
31.03.2025;65801.37373538;CH5341170
30.04.2025;66665.33284884;CH5341170
31.05.2025;69612.10614932;CH5341170
31.01.2025;152392.04501325;CH4824605
28.02.2025;153894.06485308;CH4824605
31.03.2025;152968.41061217;CH4824605
30.04.2025;149554.16959868;CH4824605
31.05.2025;152028.86689431;CH4824605
31.01.2025;100707.3717792;CH4489465
28.02.2025;102565.09086203;CH4489465
31.03.2025;103083.92674959;CH4489465
30.04.2025;103580.12145564;CH4489465
31.05.2025;104588.61203576;CH4489465
31.01.2025;60779.87865483;CH5249724
28.02.2025;61855.2115612;CH5249724
31.03.2025;62171.2853885;CH5249724
30.04.2025;62509.06547252;CH5249724
31.05.2025;63111.77544328;CH5249724
31.01.2025;363904.57622985;CH5069251
28.02.2025;370578.70403548;CH5069251
31.03.2025;372674.14006407;CH5069251
30.04.2025;374511.1295198;CH5069251
31.05.2025;378115.59441416;CH5069251
31.01.2025;60866.6497377;CH6887650
28.02.2025;61930.14234971;CH6887650
31.03.2025;62220.03154572;CH6887650
30.04.2025;62531.92200348;CH6887650
31.05.2025;63143.74203642;CH6887650
31.01.2025;75941.14369527;CH2374075
28.02.2025;77279.21245999;CH2374075
31.03.2025;77632.09547047;CH2374075
30.04.2025;78055.91593996;CH2374075
31.05.2025;78799.94306496;CH2374075
31.01.2025;61247.04976242;CH5447176
28.02.2025;62328.42839206;CH5447176
31.03.2025;62613.72548833;CH5447176
30.04.2025;62958.76186124;CH5447176
31.05.2025;63561.79142092;CH5447176
31.01.2025;529156.5;CH2166965
28.02.2025;527251.3077;CH2166965
31.03.2025;507396.5052;CH2166965
30.04.2025;514112.1852;CH2166965
31.05.2025;536987.3784;CH2166965
31.01.2025;60524.94163626;CH2977550
28.02.2025;61079.0780493;CH2977550
31.03.2025;60724.7436976;CH2977550
30.04.2025;59376.71955956;CH2977550
31.05.2025;60320.81137832;CH2977550
31.01.2025;70955.71689678;CH5965015
28.02.2025;101324.77820068;CH5965015
31.03.2025;100342.16000133;CH5965015
30.04.2025;98073.34836208;CH5965015
31.05.2025;99763.69051472;CH5965015
31.01.2025;60605.1405954;CH6979326
28.02.2025;61677.06598005;CH6979326
31.03.2025;61995.44878737;CH6979326
30.04.2025;62315.54116332;CH6979326
31.05.2025;62903.45731337;CH6979326
31.01.2025;60584.90565084;CH2725820
28.02.2025;61656.0419273;CH2725820
31.03.2025;61975.2935209;CH2725820
30.04.2025;62295.93311416;CH2725820
31.05.2025;62883.02053296;CH2725820
31.01.2025;58949.96022966;CH6720423
28.02.2025;59996.86626463;CH6720423
31.03.2025;60366.35557054;CH6720423
30.04.2025;60650.89127988;CH6720423
31.05.2025;61227.40579897;CH6720423
31.01.2025;0.0;CH3571879
28.02.2025;488127.96196768;CH3571879
31.03.2025;489908.0081619;CH3571879
30.04.2025;492606.9161612;CH3571879
31.05.2025;497644.11384805;CH3571879
31.01.2025;101568.24590592;CH6124047
28.02.2025;103433.28311225;CH6124047
31.03.2025;103865.35513905;CH6124047
30.04.2025;104385.92600496;CH6124047
31.05.2025;105415.52549434;CH6124047
31.01.2025;61266.09939642;CH9500390
28.02.2025;62347.58955406;CH9500390
31.03.2025;62610.04277176;CH9500390
30.04.2025;62955.02344448;CH9500390
31.05.2025;63558.03379393;CH9500390
31.01.2025;60772.60804452;CH5701182
28.02.2025;61848.49450941;CH5701182
31.03.2025;62201.24024835;CH5701182
30.04.2025;62545.51237324;CH5701182
31.05.2025;63142.13621292;CH5701182
31.01.2025;60759.90828852;CH9700296
28.02.2025;61835.72040141;CH9700296
31.03.2025;62188.64976435;CH9700296
30.04.2025;62532.73146124;CH9700296
31.05.2025;63129.28962492;CH9700296
31.01.2025;60772.60804452;CH6557160
28.02.2025;61848.49450941;CH6557160
31.03.2025;62201.24024835;CH6557160
30.04.2025;62545.51237324;CH6557160
31.05.2025;63142.13621292;CH6557160
31.01.2025;100791.76165782;CH5074422
28.02.2025;102642.2996998;CH5074422
31.03.2025;103151.44322004;CH5074422
30.04.2025;103655.55013796;CH5074422
31.05.2025;104657.42692548;CH5074422
31.01.2025;60772.60804452;CH2074514
28.02.2025;61848.49450941;CH2074514
31.03.2025;62193.59152932;CH2074514
30.04.2025;62537.7479692;CH2074514
31.05.2025;63134.33191071;CH2074514
31.01.2025;90816.77005701;CH2625583
28.02.2025;92471.79974727;CH2625583
31.03.2025;92850.94792617;CH2625583
30.04.2025;93346.26415432;CH2625583
31.05.2025;94261.52899079;CH2625583
31.01.2025;98031.53319;CH5051891
28.02.2025;97658.85404175;CH5051891
31.03.2025;93961.39713876;CH5051891
30.04.2025;95195.08697968;CH5051891
31.05.2025;99402.94761819;CH5051891
31.01.2025;80475.0730017;CH2939550
28.02.2025;81967.7252545;CH2939550
31.03.2025;82237.02302519;CH2939550
30.04.2025;82662.06076792;CH2939550
31.05.2025;83512.06083787;CH2939550
31.01.2025;60012.696978;CH7299122
28.02.2025;59961.662952;CH7299122
31.03.2025;60262.73588722;CH7299122
30.04.2025;60109.51314908;CH7299122
31.05.2025;60205.65242239;CH7299122
31.01.2025;60449.98132647;CH3384557
28.02.2025;61520.25315926;CH3384557
31.03.2025;61867.13077127;CH3384557
30.04.2025;62193.02547104;CH3384557
31.05.2025;62772.57199263;CH3384557
31.01.2025;65386.33415115;CH7612479
28.02.2025;65990.76515566;CH7612479
31.03.2025;65524.11029356;CH7612479
30.04.2025;64065.36517448;CH7612479
31.05.2025;65116.02516461;CH7612479
31.01.2025;59015.766132;CH5639760
28.02.2025;58791.40562794;CH5639760
31.03.2025;56565.50878441;CH5639760
30.04.2025;57308.20350768;CH5639760
31.05.2025;59841.36600867;CH5639760
31.01.2025;0.0;CH1715106
28.02.2025;59143.4813346;CH1715106
31.03.2025;59195.90220962;CH1715106
30.04.2025;59530.56978776;CH1715106
31.05.2025;60179.53102679;CH1715106
31.01.2025;1500317.42445;CH3511870
28.02.2025;1499824.40307351;CH3511870
31.03.2025;2508160.01231268;CH3511870
30.04.2025;2521963.68087504;CH3511870
31.05.2025;2529606.35564028;CH3511870
31.01.2025;201856.66331781;CH4690279
28.02.2025;205505.92146579;CH4690279
31.03.2025;206592.65642934;CH4690279
30.04.2025;207687.14665924;CH4690279
31.05.2025;209694.24571107;CH4690279
31.01.2025;201728.18411961;CH8879301
28.02.2025;203719.65407361;CH8879301
31.03.2025;202673.50106189;CH8879301
30.04.2025;198208.8329708;CH8879301
31.05.2025;201422.04935513;CH8879301
31.01.2025;220271.51;DE6289601
28.02.2025;211567.51;DE6289601
31.03.2025;202619.51;DE6289601
30.04.2025;200867.53;DE6289601
31.05.2025;187165.53;DE6289601
31.01.2025;217267.07;DE2105839
28.02.2025;210416.62;DE2105839
31.03.2025;196886.36;DE2105839
30.04.2025;193421.55;DE2105839
31.05.2025;207450.81;DE2105839
31.01.2025;1014496.63;DE9516571
28.02.2025;1005676.75;DE9516571
31.03.2025;957914.18;DE9516571
30.04.2025;953845.74;DE9516571
31.05.2025;973484.93;DE9516571
31.01.2025;2029503.55;DE2291471
28.02.2025;2012033.75;DE2291471
31.03.2025;1916608.19;DE2291471
30.04.2025;1908497.36;DE2291471
31.05.2025;1947798.31;DE2291471
31.01.2025;0.0;DE8277313
28.02.2025;0.0;DE8277313
31.03.2025;0.0;DE8277313
30.04.2025;443.75;DE8277313
31.05.2025;443.75;DE8277313
31.01.2025;0.0;DE7463117
28.02.2025;0.0;DE7463117
31.03.2025;0.0;DE7463117
30.04.2025;209.71;DE7463117
31.05.2025;209.71;DE7463117
31.01.2025;297991.92;DE8170573
28.02.2025;367991.92;DE8170573
31.03.2025;368425.19;DE8170573
30.04.2025;368875.22;DE8170573
31.05.2025;368875.22;DE8170573
31.01.2025;0.0;DE8066675
28.02.2025;0.0;DE8066675
31.03.2025;0.0;DE8066675
30.04.2025;0.0;DE8066675
31.05.2025;0.0;DE8066675
31.01.2025;1034090.86;DE3160870
28.02.2025;1270073.94;DE3160870
31.03.2025;1209137.92;DE3160870
30.04.2025;1335694.51;DE3160870
31.05.2025;1409005.78;DE3160870
31.01.2025;465009.86;DE5871985
28.02.2025;468683.42;DE5871985
31.03.2025;456950.94;DE5871985
30.04.2025;449124.66;DE5871985
31.05.2025;465056.73;DE5871985
31.01.2025;769017.69;DE4528636
28.02.2025;772619.26;DE4528636
31.03.2025;986499.28;DE4528636
30.04.2025;944593.96;DE4528636
31.05.2025;945462.09;DE4528636
31.01.2025;0.0;DE8844574
28.02.2025;490610.89;DE8844574
31.03.2025;458872.87;DE8844574
30.04.2025;456037.3;DE8844574
31.05.2025;467890.41;DE8844574
31.01.2025;2555197.32;DV2448631
28.02.2025;2538829.36;DV2448631
31.03.2025;2452043.35;DV2448631
30.04.2025;2359067.56;DV2448631
31.05.2025;2430952.2;DV2448631
31.01.2025;237937.73;DV1251271
28.02.2025;242057.89;DV1251271
31.03.2025;237550.84;DV1251271
30.04.2025;235681.24;DV1251271
31.05.2025;238748.7;DV1251271
31.01.2025;126492.95;DV6587318
28.02.2025;127335.53;DV6587318
31.03.2025;125133.95;DV6587318
30.04.2025;124495.22;DV6587318
31.05.2025;126479.36;DV6587318
31.01.2025;61715.44;DV8541939
28.02.2025;62183.28;DV8541939
31.03.2025;60589.36;DV8541939
30.04.2025;59533.45;DV8541939
31.05.2025;61616.97;DV8541939
31.01.2025;367881.97;DV7745849
28.02.2025;368877.62;DV7745849
31.03.2025;356514.5;DV7745849
30.04.2025;350393.36;DV7745849
31.05.2025;360925.76;DV7745849
31.01.2025;101839.22;DV5195005
28.02.2025;102090.36;DV5195005
31.03.2025;98842.86;DV5195005
30.04.2025;96819.46;DV5195005
31.05.2025;99867.78;DV5195005
31.01.2025;2880488.44;DV2798587
28.02.2025;2880550.66;DV2798587
31.03.2025;2740298.64;DV2798587
30.04.2025;2646196.74;DV2798587
31.05.2025;2749443.41;DV2798587
31.01.2025;61258.56;DV3630811
28.02.2025;61420.8;DV3630811
31.03.2025;59478.99;DV3630811
30.04.2025;58257.12;DV3630811
31.05.2025;60107.67;DV3630811
31.01.2025;449745.28;DV2753209
28.02.2025;451116.5;DV2753209
31.03.2025;435722.76;DV2753209
30.04.2025;427999.61;DV2753209
31.05.2025;440945.56;DV2753209
31.01.2025;339952.84;DV3517525
28.02.2025;342482.2;DV3517525
31.03.2025;328803.03;DV3517525
30.04.2025;323806.29;DV3517525
31.05.2025;334226.27;DV3517525
31.01.2025;102214.69;DV8590979
28.02.2025;102466.7;DV8590979
31.03.2025;99207.95;DV8590979
30.04.2025;97148.42;DV8590979
31.05.2025;100207.3;DV8590979
31.01.2025;313998.67;DV5185730
28.02.2025;312567.44;DV5185730
31.03.2025;292481.38;DV5185730
30.04.2025;290283.53;DV5185730
31.05.2025;297676.67;DV5185730
31.01.2025;204456.87;DV8512132
28.02.2025;206032.13;DV8512132
31.03.2025;198574.57;DV8512132
30.04.2025;194272.19;DV8512132
31.05.2025;201390.77;DV8512132
31.01.2025;0.0;LU9257864
28.02.2025;0.0;LU9257864
31.03.2025;0.0;LU9257864
30.04.2025;0.0;LU9257864
31.05.2025;2572945.65;LU9257864
31.01.2025;0.0;LU6068433
28.02.2025;280746.02;LU6068433
31.03.2025;281206.5;LU6068433
30.04.2025;283129.52;LU6068433
31.05.2025;283599.17;LU6068433
31.01.2025;0.0;LU5051459
28.02.2025;285404.38;LU5051459
31.03.2025;285404.38;LU5051459
30.04.2025;0.0;LU5051459
31.05.2025;0.0;LU5051459
31.01.2025;6384723.03;LU3216915
28.02.2025;6501176.13;LU3216915
31.03.2025;6302208.69;LU3216915
30.04.2025;6177854.04;LU3216915
31.05.2025;6376590.73;LU3216915
31.01.2025;99922.85;LU3686451
28.02.2025;99701.82;LU3686451
31.03.2025;95822.08;LU3686451
30.04.2025;91242.66;LU3686451
31.05.2025;91516.56;LU3686451
31.01.2025;1075632.26;LU1674146
28.02.2025;1088644.07;LU1674146
31.03.2025;1053810.65;LU1674146
30.04.2025;1045139.48;LU1674146
31.05.2025;1079149.28;LU1674146
31.01.2025;516365.81;LU5607889
28.02.2025;523576.89;LU5607889
31.03.2025;495009.18;LU5607889
30.04.2025;487987.76;LU5607889
31.05.2025;515589.59;LU5607889
31.01.2025;346141.93;LU2636045
28.02.2025;346115.0;LU2636045
31.03.2025;333434.18;LU2636045
30.04.2025;0.0;LU2636045
31.05.2025;0.0;LU2636045
31.01.2025;60844.31;LU5131284
28.02.2025;60851.38;LU5131284
31.03.2025;58634.52;LU5131284
30.04.2025;55971.91;LU5131284
31.05.2025;56284.96;LU5131284
